<?xml version="1.0" encoding="UTF-8"?>
<project-private xmlns="http://www.netbeans.org/ns/project-private/1">
    <editor-bookmarks xmlns="http://www.netbeans.org/ns/editor-bookmarks/2" lastBookmarkId="0"/>
    <open-files xmlns="http://www.netbeans.org/ns/projectui-open-files/2">
        <group>
            <file>file:/D:/Programing/VS%20Code/Java/Fiver/FoPCoursework2022/src/uk/ac/bradford/cookgame/GameGUI.java</file>
            <file>file:/D:/Programing/VS%20Code/Java/Fiver/FoPCoursework2022/src/uk/ac/bradford/cookgame/Entity.java</file>
            <file>file:/D:/Programing/VS%20Code/Java/Fiver/FoPCoursework2022/src/uk/ac/bradford/cookgame/Player.java</file>
            <file>file:/D:/Programing/VS%20Code/Java/Fiver/FoPCoursework2022/src/uk/ac/bradford/cookgame/GameEngine.java</file>
            <file>file:/D:/Programing/VS%20Code/Java/Fiver/FoPCoursework2022/src/uk/ac/bradford/cookgame/InputHandler.java</file>
            <file>file:/D:/Programing/VS%20Code/Java/Fiver/FoPCoursework2022/src/uk/ac/bradford/cookgame/Launcher.java</file>
            <file>file:/D:/Programing/VS%20Code/Java/Fiver/FoPCoursework2022/src/uk/ac/bradford/cookgame/Customer.java</file>
        </group>
    </open-files>
</project-private>
